Username,Participant,Date,Filename
Nathalia,NDARVC310XV2,2022-05-27,sleep_log_NDARVC310XV2_2022-05-27_15:14:56.csv
Nathalia,NDARVC310XV2,2022-05-27,sleep_log_NDARVC310XV2_2022-05-27_18:49:42.csv
Nathalia,NDARVC310XV2,2022-05-27,sleep_log_NDARVC310XV2_2022-05-27_18:51:52.csv
Nathalia,NDARVC310XV2,2022-05-27,sleep_log_NDARVC310XV2_2022-05-27_18:57:14.csv
nathalia,NDARVC310XV2,2022-05-31,sleep_log_NDARVC310XV2_2022-05-31_10:18:39.csv
nathalia,NDARVC310XV2,2022-05-31,sleep_log_NDARVC310XV2_2022-05-31_10:25:32.csv
Nathalia,NDARVC310XV2,2022-05-31,sleep_log_NDARVC310XV2_2022-05-31_10:33:41.csv
Nathalia,NDARVC310XV2,2022-05-31,sleep_log_NDARVC310XV2_2022-05-31_10:35:00.csv
nathalia,NDARVC310XV2,2022-05-31,sleep_log_NDARVC310XV2_2022-05-31_10:42:26.csv
Nathalia,NDARVC310XV2,2022-06-01,sleep_log_NDARVC310XV2_2022-06-01_10:46:59.csv
